{
  "timestamp": "2026-03-12T12:10:00.474249",
  "test_config": {
    "odor_source": [
      50,
      50,
      5
    ],
    "odor_sigma": 5.0,
    "brain_mode": "gradient",
    "brain_threshold": 0.01,
    "sim_duration": 5.0,
    "dt": 0.01
  },
  "results": {
    "max_odor_concentration": 1.339615461612252e-28,
    "final_distance_to_source": 56.64803615307419,
    "initial_distance": 56.64803615307419,
    "distance_reduction": 0.0,
    "total_forward_signal": 6.698077308061239e-26,
    "avg_brain_forward": 1.3396154616122519e-28
  }
}