{
  "n_steps": 3000,
  "mean_odor": 0.02575960924472959,
  "max_odor": 0.036803626681781124,
  "min_odor": 0.01831563888873418,
  "std_odor": 0.005235462755415331,
  "steps_above_threshold": 3000,
  "percent_above_threshold": 100.0,
  "initial_distance": 56.56724739850363,
  "final_distance": 51.39542343717186,
  "min_distance": 51.39542343717186,
  "total_improvement": 5.171823961331775,
  "success": true
}