{
  "mode": "binary",
  "sigma": 5.0,
  "threshold": 0.1,
  "forward_scale": 1.0,
  "turn_scale": 1.5,
  "duration": 10.0,
  "arena_size": [
    100.0,
    100.0,
    10
  ],
  "source_pos": [
    50.0,
    50.0,
    5.0
  ],
  "timestamp": "2026-03-12T11:30:19.350096",
  "metrics": {
    "n_steps": 1000,
    "duration": 9.99,
    "mean_odor": 2.3195228302435686e-16,
    "max_odor": 2.3195228302435696e-16,
    "final_distance": 42.42640687119285
  }
}