{
  "n_steps": 1000,
  "mean_odor": 0.0008168329934804558,
  "max_odor": 0.0008178065268300889,
  "min_odor": 0.0008156695246688123,
  "std_odor": 7.495077426752746e-07,
  "steps_above_threshold": 0,
  "percent_above_threshold": 0.0,
  "initial_distance": 56.56848389744786,
  "final_distance": 56.56119475128278,
  "min_distance": 56.55968658061111,
  "total_improvement": 0.007289146165085469,
  "success": true
}