{
  "mode": "temporal_gradient",
  "sigma": 2.0,
  "threshold": 0.05,
  "forward_scale": 0.8,
  "turn_scale": 1.5,
  "duration": 10.0,
  "arena_size": [
    100.0,
    100.0,
    10
  ],
  "source_pos": [
    50.0,
    50.0,
    5.0
  ],
  "timestamp": "2026-03-12T11:39:47.565357",
  "metrics": {
    "n_steps": 1000,
    "duration": 9.99,
    "mean_odor": 1.9219477278238488e-98,
    "max_odor": 1.921947727823849e-98,
    "final_distance": 42.42640687119285
  }
}